P028936049,1,C1000266-0024,2/23/2021
P591835803,1,C1000269-0024,2/23/2021
P592917450,1,C1000266-0024,2/23/2021
P600616424,1,C1000266-0024,2/23/2021
P601416469,1,C1000266-0024,2/23/2021
P610435538,1,C1000266-0024,2/23/2021
P610416347,1,C1000266-0024,2/23/2021
P610416334,1,C1000266-0024,2/23/2021
P611318928,1,C1000266-0024,2/23/2021
P589717770,4,C1000266-0024,2/23/2021
P021936455,1,C1000266-0024,2/23/2021
P021936454,1,C1000266-0024,2/23/2021
P616531287,1,C1000266-0024,2/23/2021
P619016493,1,C1000266-0024,2/23/2021
P642836612,1,C1000266-0024,2/23/2021
P600016487,1,C1000266-0024,2/23/2021
